brand,model,model_link
tvs,raider,https://www.zigwheels.com/tvs-bikes/raider
tvs,apache rtr 160,https://www.zigwheels.com/tvs-bikes/apache-rtr-160
tvs,jupiter,https://www.zigwheels.com/tvs-bikes/jupiter
tvs,ntorq 125,https://www.zigwheels.com/tvs-bikes/ntorq-125
tvs,iqube,https://www.zigwheels.com/tvs-bikes/iqube-electric
tvs,ronin,https://www.zigwheels.com/tvs-bikes/ronin
tvs,jupiter 125,https://www.zigwheels.com/tvs-bikes/jupiter-125
tvs,apache rtr 310,https://www.zigwheels.com/tvs-bikes/apache-rtr-310
tvs,xl100,https://www.zigwheels.com/tvs-bikes/xl100
tvs,sport,https://www.zigwheels.com/tvs-bikes/sport
tvs,apache rr 310,https://www.zigwheels.com/tvs-bikes/apache-rr-310
tvs,apache rtr 160 4v,https://www.zigwheels.com/tvs-bikes/apache-rtr-160-4v
tvs,radeon,https://www.zigwheels.com/tvs-bikes/radeon
tvs,apache rtr 200 4v,https://www.zigwheels.com/tvs-bikes/apache-rtr-200-4v
tvs,apache rtr 180,https://www.zigwheels.com/tvs-bikes/apache-rtr-180
tvs,scooty zest,https://www.zigwheels.com/tvs-bikes/scooty-zest
tvs,star city plus,https://www.zigwheels.com/tvs-bikes/star-city-plus
tvs,jupiter cng,https://www.zigwheels.com/tvs-bikes/jupiter-cng
tvs,rtx 300,https://www.zigwheels.com/tvs-bikes/adv
tvs,ntorq 150,https://www.zigwheels.com/tvs-bikes/ntorq-150
tvs,iqube st,https://www.zigwheels.com/tvs-bikes/iqube-st
tvs,x electric scooter,https://www.zigwheels.com/tvs-bikes/x-electric-scooter
tvs,orbiter,https://www.zigwheels.com/tvs-bikes/orbiter
tvs,fiero 125,https://www.zigwheels.com/tvs-bikes/fiero-125
tvs,2025 iqube st concept,https://www.zigwheels.com/tvs-bikes/2025-iqube-st-concept
tvs,iqube s,https://www.zigwheels.com/tvs-bikes/iqube-s
tvs,vision iqube concept,https://www.zigwheels.com/tvs-bikes/vision-iqube-concept
tvs,apache rr 450,https://www.zigwheels.com/tvs-bikes/apache-rr-450
tvs,rtsx,https://www.zigwheels.com/tvs-bikes/rtsx
tvs,concept eb1,https://www.zigwheels.com/tvs-bikes/concept-eb1
tvs,electric scooter indonesia,https://www.zigwheels.com/tvs-bikes/electric-scooter-indonesia
tvs,x nfe concept,https://www.zigwheels.com/tvs-bikes/x-nfe-concept
bajaj,pulsar 125,https://www.zigwheels.com/bajaj-bikes/pulsar-125
bajaj,pulsar n160,https://www.zigwheels.com/bajaj-bikes/pulsar-n160
bajaj,pulsar ns200,https://www.zigwheels.com/bajaj-bikes/pulsar-200ns
bajaj,chetak,https://www.zigwheels.com/bajaj-bikes/chetak
bajaj,pulsar ns 125,https://www.zigwheels.com/bajaj-bikes/pulsar-ns-125
bajaj,pulsar ns160,https://www.zigwheels.com/bajaj-bikes/pulsar-150ns
bajaj,pulsar 150,https://www.zigwheels.com/bajaj-bikes/pulsar-150
bajaj,pulsar rs200,https://www.zigwheels.com/bajaj-bikes/pulsar-rs-200
bajaj,pulsar 220 f,https://www.zigwheels.com/bajaj-bikes/pulsar-220-f
bajaj,freedom 125,https://www.zigwheels.com/bajaj-bikes/freedom-125
bajaj,dominar 400,https://www.zigwheels.com/bajaj-bikes/2025-dominar-400
bajaj,platina 110,https://www.zigwheels.com/bajaj-bikes/platina
bajaj,pulsar n250,https://www.zigwheels.com/bajaj-bikes/pulsar-n250
bajaj,pulsar n125,https://www.zigwheels.com/bajaj-bikes/pulsar-n125
bajaj,platina 100,https://www.zigwheels.com/bajaj-bikes/platina-100
bajaj,dominar 250,https://www.zigwheels.com/bajaj-bikes/2025-dominar-250
bajaj,ct 110x,https://www.zigwheels.com/bajaj-bikes/ct110
bajaj,avenger street 160,https://www.zigwheels.com/bajaj-bikes/avenger-160
bajaj,avenger 400,https://www.zigwheels.com/bajaj-bikes/avenger-400
bajaj,avenger cruise 220,https://www.zigwheels.com/bajaj-bikes/avenger-220-cruise
bajaj,platina 125,https://www.zigwheels.com/bajaj-bikes/platina-125
bajaj,pulsar ns400z,https://www.zigwheels.com/bajaj-bikes/pulsar-ns400z
bajaj,avenger 220 street,https://www.zigwheels.com/bajaj-bikes/avenger-220-street
bajaj,pulsar ns150,https://www.zigwheels.com/bajaj-bikes/pulsar-ns-150
bajaj,pulsar rs400,https://www.zigwheels.com/bajaj-bikes/pulsar-rs400
royal enfield,hunter 350,https://www.zigwheels.com/royal-enfield-bikes/hunter
royal enfield,bullet 350,https://www.zigwheels.com/royal-enfield-bikes/bullet-350
royal enfield,classic 350,https://www.zigwheels.com/royal-enfield-bikes/classic-350
royal enfield,continental gt 650,https://www.zigwheels.com/royal-enfield-bikes/continental-gt-650
royal enfield,meteor 350 (2020-2025),https://www.zigwheels.com/royal-enfield-bikes/meteor
royal enfield,himalayan 450,https://www.zigwheels.com/royal-enfield-bikes/himalayan
royal enfield,guerrilla 450,https://www.zigwheels.com/royal-enfield-bikes/guerrilla-450
royal enfield,super meteor 650,https://www.zigwheels.com/royal-enfield-bikes/super-meteor-650
royal enfield,interceptor 650,https://www.zigwheels.com/royal-enfield-bikes/interceptor-650
royal enfield,shotgun 650,https://www.zigwheels.com/royal-enfield-bikes/shotgun
royal enfield,classic 650,https://www.zigwheels.com/royal-enfield-bikes/classic-650
royal enfield,bullet 650,https://www.zigwheels.com/royal-enfield-bikes/bullet-650
royal enfield,bear 650,https://www.zigwheels.com/royal-enfield-bikes/bear-650
royal enfield,scram 440,https://www.zigwheels.com/royal-enfield-bikes/scram-440
royal enfield,goan classic 350,https://www.zigwheels.com/royal-enfield-bikes/goan-classic-350
royal enfield,250,https://www.zigwheels.com/royal-enfield-bikes/royal-enfield-250
royal enfield,flying flea c6,https://www.zigwheels.com/royal-enfield-bikes/royal-enfield-electric-bike
royal enfield,meteor 350,https://www.zigwheels.com/royal-enfield-bikes/meteor-350
royal enfield,continental gt 450,https://www.zigwheels.com/royal-enfield-bikes/continental-gt-450
royal enfield,himalayan 750,https://www.zigwheels.com/royal-enfield-bikes/himalayan-750
royal enfield,continental gt 750 ,https://www.zigwheels.com/royal-enfield-bikes/continental-gt-750
royal enfield,interceptor 750,https://www.zigwheels.com/royal-enfield-bikes/interceptor-750
royal enfield,flying flea s6,https://www.zigwheels.com/royal-enfield-bikes/flying-flea-s6
royal enfield,2026 super meteor 650,https://www.zigwheels.com/royal-enfield-bikes/2026-super-meteor-650
royal enfield,himalayan electric,https://www.zigwheels.com/royal-enfield-bikes/himalayan-electric
royal enfield,constellation,https://www.zigwheels.com/royal-enfield-bikes/constellation
bgauss,max c12,https://www.zigwheels.com/bgauss-bikes/c12i-max
bgauss,ruv 350,https://www.zigwheels.com/bgauss-bikes/ruv350
bgauss,oowah,https://www.zigwheels.com/bgauss-bikes/oowah
yamaha,mt 15 version 2.0,https://www.zigwheels.com/yamaha-bikes/mt-15-version-2
yamaha,r15 v4,https://www.zigwheels.com/yamaha-bikes/r15-v4
yamaha,aerox 155,https://www.zigwheels.com/yamaha-bikes/aerox-155
yamaha,rayzr 125 fi hybrid,https://www.zigwheels.com/yamaha-bikes/ray-zr-125
yamaha,r15s,https://www.zigwheels.com/yamaha-bikes/yzf-r15-v3
yamaha,fzs-fi v4,https://www.zigwheels.com/yamaha-bikes/fzs-fi-v4
yamaha,xsr 155,https://www.zigwheels.com/yamaha-bikes/xsr155
yamaha,fzs-fi v3,https://www.zigwheels.com/yamaha-bikes/fz-s-fi-version-30
yamaha,fascino 125 fi hybrid,https://www.zigwheels.com/yamaha-bikes/fascino
yamaha,yzf r1,https://www.zigwheels.com/yamaha-bikes/yzf-r1
yamaha,mt-09,https://www.zigwheels.com/yamaha-bikes/mt-09
yamaha,2025 fz-s fi,https://www.zigwheels.com/yamaha-bikes/2025-fz-s-fi
yamaha,fz x,https://www.zigwheels.com/yamaha-bikes/fz-x
yamaha,rx 100,https://www.zigwheels.com/yamaha-bikes/rx-100
yamaha,fz-fi version 3.0,https://www.zigwheels.com/yamaha-bikes/fz-fi-version-3
yamaha,xsr125,https://www.zigwheels.com/yamaha-bikes/xsr125
yamaha,r7,https://www.zigwheels.com/yamaha-bikes/r7
yamaha,mt-03,https://www.zigwheels.com/yamaha-bikes/mt-03
yamaha,nmax 155,https://www.zigwheels.com/yamaha-bikes/nmax-155
yamaha,mt-07,https://www.zigwheels.com/yamaha-bikes/mt-07
yamaha,r3,https://www.zigwheels.com/yamaha-bikes/2021-r3
yamaha,fz x hybrid,https://www.zigwheels.com/yamaha-bikes/fz-x-hybrid
yamaha,tenere 700,https://www.zigwheels.com/yamaha-bikes/tenere-700
yamaha,yzf-r9,https://www.zigwheels.com/yamaha-bikes/yzf-r9
yamaha,2025 r3,https://www.zigwheels.com/yamaha-bikes/2025-r3
yamaha,lander 250 ,https://www.zigwheels.com/yamaha-bikes/lander-250
yamaha,neo's,https://www.zigwheels.com/yamaha-bikes/neos
yamaha,filano,https://www.zigwheels.com/yamaha-bikes/filano
yamaha,mt-10,https://www.zigwheels.com/yamaha-bikes/mt-10
yamaha,2025 mt-03,https://www.zigwheels.com/yamaha-bikes/2025-mt-03
yamaha,electric scooter,https://www.zigwheels.com/yamaha-bikes/electric-scooter
honda,activa 6g,https://www.zigwheels.com/honda-bikes/activa-6g
honda,shine,https://www.zigwheels.com/honda-bikes/cb-shine
honda,sp125,https://www.zigwheels.com/honda-bikes/sp125
honda,cb125 hornet,https://www.zigwheels.com/honda-bikes/cb125-hornet
honda,activa 125,https://www.zigwheels.com/honda-bikes/activa-125
honda,activa e,https://www.zigwheels.com/honda-bikes/activa-electric
honda,sp160,https://www.zigwheels.com/honda-bikes/sp160
honda,activa 7g,https://www.zigwheels.com/honda-bikes/activa-7g
honda,dio,https://www.zigwheels.com/honda-bikes/dio
honda,hornet 2.0,https://www.zigwheels.com/honda-bikes/hornet-20
honda,cb350 h'ness,https://www.zigwheels.com/honda-bikes/hness-cb350
honda,shine 100,https://www.zigwheels.com/honda-bikes/shine-100
honda,unicorn,https://www.zigwheels.com/honda-bikes/unicorn
honda,dio 125,https://www.zigwheels.com/honda-bikes/dio-125
honda,cb350,https://www.zigwheels.com/honda-bikes/cb350
honda,cb350rs,https://www.zigwheels.com/honda-bikes/cb350rs
honda,livo,https://www.zigwheels.com/honda-bikes/livo
honda,cb300r,https://www.zigwheels.com/honda-bikes/cb300r
honda,cbr150r,https://www.zigwheels.com/honda-bikes/cbr-150-r
honda,cbr650r,https://www.zigwheels.com/honda-bikes/cbr650r
honda,cb300f,https://www.zigwheels.com/honda-bikes/cb300f
honda,pcx160,https://www.zigwheels.com/honda-bikes/pcx150
honda,rebel 500,https://www.zigwheels.com/honda-bikes/rebel-500
honda,forza 350,https://www.zigwheels.com/honda-bikes/forza-350
honda,gold wing,https://www.zigwheels.com/honda-bikes/gold-wing-gl-1800
honda,shine 100 dx,https://www.zigwheels.com/honda-bikes/shine-100-dx
honda,cb650r,https://www.zigwheels.com/honda-bikes/cb650r
honda,rebel 300,https://www.zigwheels.com/honda-bikes/rebel-300
honda,nx200,https://www.zigwheels.com/honda-bikes/nx200
honda,nx500,https://www.zigwheels.com/honda-bikes/nx500
honda,cb1000 hornet sp,https://www.zigwheels.com/honda-bikes/cb-1000-hornet
honda,x-adv,https://www.zigwheels.com/honda-bikes/x-adv-750
honda,qc1,https://www.zigwheels.com/honda-bikes/qc1
honda,cbr500r,https://www.zigwheels.com/honda-bikes/cbr500r
honda,cb300f flex-fuel,https://www.zigwheels.com/honda-bikes/cb300f-flex-fuel
honda,cb750 hornet,https://www.zigwheels.com/honda-bikes/cb-750-hornet
honda,cb500f,https://www.zigwheels.com/honda-bikes/cb500f
honda,crf300l,https://www.zigwheels.com/honda-bikes/crf300l
honda,cb1000r,https://www.zigwheels.com/honda-bikes/cb1000r-plus
honda,cl500 scrambler,https://www.zigwheels.com/honda-bikes/cl500-scrambler
honda,rebel 1100,https://www.zigwheels.com/honda-bikes/rebel-1100
honda,shine electric,https://www.zigwheels.com/honda-bikes/shine-electric
honda,cb350 cruiser,https://www.zigwheels.com/honda-bikes/cb350-cruiser
honda,cbr1000rr-r sp,https://www.zigwheels.com/honda-bikes/cbr1000rr-r-sp
honda,xl750 transalp,https://www.zigwheels.com/honda-bikes/2025-xl750-transalp
honda,motocompacto,https://www.zigwheels.com/honda-bikes/motocompacto
hero moto corp,splendor plus,https://www.zigwheels.com/hero-bikes/splendor-plus
hero moto corp,splendor plus xtec,https://www.zigwheels.com/hero-bikes/splendor-plus-xtec
hero moto corp,hf deluxe,https://www.zigwheels.com/hero-bikes/hf-deluxe
hero moto corp,xtreme 125r,https://www.zigwheels.com/hero-bikes/xtreme-125r
hero moto corp,xtreme 160r,https://www.zigwheels.com/hero-bikes/xtreme-160r
hero moto corp,xpulse 200 4v,https://www.zigwheels.com/hero-bikes/xpulse-200
hero moto corp,glamour,https://www.zigwheels.com/hero-bikes/glamour
hero moto corp,xtreme 250r,https://www.zigwheels.com/hero-bikes/xtreme-250r
hero moto corp,xpulse 210,https://www.zigwheels.com/hero-bikes/xpulse-210
hero moto corp,destini 125,https://www.zigwheels.com/hero-bikes/destini-125
hero moto corp,mavrick 440,https://www.zigwheels.com/hero-bikes/mavrick-440
hero moto corp,super splendor xtec,https://www.zigwheels.com/hero-bikes/super-splendor-xtec
hero moto corp,pleasure plus,https://www.zigwheels.com/hero-bikes/pleasure-2019
hero moto corp,xoom 110,https://www.zigwheels.com/hero-bikes/xoom-110
hero moto corp,karizma xmr,https://www.zigwheels.com/hero-bikes/karizma-xmr-210
hero moto corp,glamour xtec,https://www.zigwheels.com/hero-bikes/glamour-xtec
hero moto corp,xtreme 160r 4v,https://www.zigwheels.com/hero-bikes/xtreme-160r-4v
hero moto corp,passion plus,https://www.zigwheels.com/hero-bikes/passion-plus
hero moto corp,xoom 125,https://www.zigwheels.com/hero-bikes/xoom-125
hero moto corp,hf 100,https://www.zigwheels.com/hero-bikes/hf-100
hero moto corp,xoom 160,https://www.zigwheels.com/hero-bikes/xoom-160
hero moto corp,splendor electric,https://www.zigwheels.com/hero-bikes/splendor-electric
hero moto corp,hf deluxe pro,https://www.zigwheels.com/hero-bikes/hf-deluxe-pro
hero moto corp,karizma xmr 250,https://www.zigwheels.com/hero-bikes/karizma-xmr-250
hero moto corp,destini prime,https://www.zigwheels.com/hero-bikes/destini-prime
hero moto corp,glamour x 125,https://www.zigwheels.com/hero-bikes/glamour-x-125
hero moto corp,xpulse 421,https://www.zigwheels.com/hero-bikes/450-adv
hero moto corp,xtreme 400s,https://www.zigwheels.com/hero-bikes/xtreme-400s
hero moto corp,xpulse 160,https://www.zigwheels.com/hero-bikes/xpulse-160
hero moto corp,mavrick 440 scrambler,https://www.zigwheels.com/hero-bikes/mavrick-440-scrambler
hero moto corp,destini 110,https://www.zigwheels.com/hero-bikes/destini-110
hero moto corp,2025 mavrick 440,https://www.zigwheels.com/hero-bikes/2025-mavrick-440
hero moto corp,emaestro,https://www.zigwheels.com/hero-bikes/emaestro
suzuki,access 125,https://www.zigwheels.com/suzuki-bikes/access-125
suzuki,burgman street,https://www.zigwheels.com/suzuki-bikes/burgman-street
suzuki,hayabusa,https://www.zigwheels.com/suzuki-bikes/hayabusa
suzuki,gixxer sf,https://www.zigwheels.com/suzuki-bikes/gixxer-sf
suzuki,gixxer,https://www.zigwheels.com/suzuki-bikes/gixxer
suzuki,avenis,https://www.zigwheels.com/suzuki-bikes/avenis
suzuki,gixxer 250,https://www.zigwheels.com/suzuki-bikes/gixxer-250
suzuki,v-strom sx,https://www.zigwheels.com/suzuki-bikes/v-strom-sx
suzuki,e access ,https://www.zigwheels.com/suzuki-bikes/e-access
suzuki,gixxer sf 250,https://www.zigwheels.com/suzuki-bikes/gixxer-sf-250
suzuki,burgman electric,https://www.zigwheels.com/suzuki-bikes/burgman-electric
suzuki,gsx s750,https://www.zigwheels.com/suzuki-bikes/gsx-s750
suzuki,gsx r1000r,https://www.zigwheels.com/suzuki-bikes/gsx-r1000r
suzuki,gsx-8r,https://www.zigwheels.com/suzuki-bikes/gsx-8r
suzuki,katana,https://www.zigwheels.com/suzuki-bikes/katana
suzuki,sv650,https://www.zigwheels.com/suzuki-bikes/sv650
suzuki,gsx-s1000,https://www.zigwheels.com/suzuki-bikes/gsx-s1000
suzuki,v-strom 800 de,https://www.zigwheels.com/suzuki-bikes/v-strom-800-de
suzuki,2026 gsx-r1000r,https://www.zigwheels.com/suzuki-bikes/2026-gsx-r1000r
suzuki,gsx-8t,https://www.zigwheels.com/suzuki-bikes/gsx-8t
suzuki,gixxer sf 250 flex fuel,https://www.zigwheels.com/suzuki-bikes/gixxer-sf-250-flex-fuel
suzuki,rm z450,https://www.zigwheels.com/suzuki-bikes/rm-z450
suzuki,rm z250,https://www.zigwheels.com/suzuki-bikes/rm-z250
ktm,200 duke,https://www.zigwheels.com/ktm-bikes/duke-200
ktm,duke 390,https://www.zigwheels.com/ktm-bikes/duke-390
ktm,250 duke,https://www.zigwheels.com/ktm-bikes/duke-250
ktm,rc 390,https://www.zigwheels.com/ktm-bikes/rc-390
ktm,160 duke,https://www.zigwheels.com/ktm-bikes/160-duke
ktm,390 adventure,https://www.zigwheels.com/ktm-bikes/390-adventure-s
ktm,rc 200,https://www.zigwheels.com/ktm-bikes/2021-rc-200
ktm,1390 super duke r,https://www.zigwheels.com/ktm-bikes/1390-super-duke-r
ktm,250 adventure,https://www.zigwheels.com/ktm-bikes/2025-250-adventure
ktm,390 adventure x,https://www.zigwheels.com/ktm-bikes/2025-390-adventure-x
ktm,2025 rc 390,https://www.zigwheels.com/ktm-bikes/2025-rc390
ktm,390 enduro r,https://www.zigwheels.com/ktm-bikes/390-enduro-r
ktm,890 duke,https://www.zigwheels.com/ktm-bikes/890-duke-r
ktm,electric scooter,https://www.zigwheels.com/ktm-bikes/electric-scooter
ktm,e-duke,https://www.zigwheels.com/ktm-bikes/e-duke
ktm,50 sx,https://www.zigwheels.com/ktm-bikes/50-sx
ktm,rc 160,https://www.zigwheels.com/ktm-bikes/rc-160
ktm,890 adventure,https://www.zigwheels.com/ktm-bikes/890-adventure
ktm,2025 rc 125,https://www.zigwheels.com/ktm-bikes/2025-rc-125
ktm,duke 490,https://www.zigwheels.com/ktm-bikes/duke-490
ktm,rc 490,https://www.zigwheels.com/ktm-bikes/rc-490
ktm,390 smc r,https://www.zigwheels.com/ktm-bikes/390-smc-r
ktm,1290 super adventure s,https://www.zigwheels.com/ktm-bikes/1290-super-adventure-s
ktm,890 adventure r,https://www.zigwheels.com/ktm-bikes/890-adventure-r
ktm,350 exc-f,https://www.zigwheels.com/ktm-bikes/350-exc-f
ktm,450 sx-f,https://www.zigwheels.com/ktm-bikes/450-sx-f
ktm,250 sx-f,https://www.zigwheels.com/ktm-bikes/250-sx-f
ktm,85 sx,https://www.zigwheels.com/ktm-bikes/85-sx
ktm,65 sx,https://www.zigwheels.com/ktm-bikes/65-sx
jawa motorcycles,42 bobber,https://www.zigwheels.com/jawa-bikes/42-bobber
jawa motorcycles,42,https://www.zigwheels.com/jawa-bikes/42
jawa motorcycles,42 fj,https://www.zigwheels.com/jawa-bikes/42-fj
jawa motorcycles,perak,https://www.zigwheels.com/jawa-bikes/jawa-perak
jawa motorcycles,350,https://www.zigwheels.com/jawa-bikes/jawa-300
hero electric,optima,https://www.zigwheels.com/hero-electric-bikes/optima-plus
hero electric,ae-8,https://www.zigwheels.com/hero-electric-bikes/ae-8
hero electric,flash,https://www.zigwheels.com/hero-electric-bikes/flash
hero electric,atria,https://www.zigwheels.com/hero-electric-bikes/atria
hero electric,photon,https://www.zigwheels.com/hero-electric-bikes/photon
harley davidson,x440,https://www.zigwheels.com/harley-davidson-bikes/x440
harley davidson,2024 x440,https://www.zigwheels.com/harley-davidson-bikes/x440
harley davidson,2024 sportster s,https://www.zigwheels.com/harley-davidson-bikes/custom-1250
harley davidson,nightster,https://www.zigwheels.com/harley-davidson-bikes/nightster
harley davidson,fat boy,https://www.zigwheels.com/harley-davidson-bikes/fat-boy
harley davidson,fat bob,https://www.zigwheels.com/harley-davidson-bikes/fat-bob
harley davidson,x 500,https://www.zigwheels.com/harley-davidson-bikes/x-500
harley davidson,x 350,https://www.zigwheels.com/harley-davidson-bikes/x-350
harley davidson,2024 fat boy,https://www.zigwheels.com/harley-davidson-bikes/fat-boy
harley davidson,livewire s2 del mar,https://www.zigwheels.com/harley-davidson-bikes/edt600r
harley davidson,sportster 500,https://www.zigwheels.com/harley-davidson-bikes/sportster-500
harley davidson,street bob,https://www.zigwheels.com/harley-davidson-bikes/street-bob
harley davidson,heritage classic,https://www.zigwheels.com/harley-davidson-bikes/heritage-classic
harley davidson,road glide,https://www.zigwheels.com/harley-davidson-bikes/road-glide
harley davidson,street glide,https://www.zigwheels.com/harley-davidson-bikes/street-glide
harley davidson,sportster s,https://www.zigwheels.com/harley-davidson-bikes/sportster-s
harley davidson,breakout,https://www.zigwheels.com/harley-davidson-bikes/breakout
harley davidson,pan america 1250,https://www.zigwheels.com/harley-davidson-bikes/pan-america-1250
harley davidson,cvo road glide,https://www.zigwheels.com/harley-davidson-bikes/cvo-road-glide
harley davidson,cvo street glide,https://www.zigwheels.com/harley-davidson-bikes/cvo-street-glide
harley davidson,2024 breakout,https://www.zigwheels.com/harley-davidson-bikes/breakout
harley davidson,2024 nightster,https://www.zigwheels.com/harley-davidson-bikes/2024-nightster
harley davidson,low rider s,https://www.zigwheels.com/harley-davidson-bikes/2022-low-rider-s
harley davidson,2024 pan america 1250,https://www.zigwheels.com/harley-davidson-bikes/2024-pan-america-1250
harley davidson,2024 heritage classic,https://www.zigwheels.com/harley-davidson-bikes/heritage-softail-classic
harley davidson,2024 road glide,https://www.zigwheels.com/harley-davidson-bikes/road-glide-special
harley davidson,2024 street glide,https://www.zigwheels.com/harley-davidson-bikes/street-glide
vespa,electric scooter,https://www.zigwheels.com/vespa-bikes/elettrica
vespa,150,https://www.zigwheels.com/vespa-bikes/150
vespa,125,https://www.zigwheels.com/vespa-bikes/125
vespa,s,https://www.zigwheels.com/vespa-bikes/s
vespa,zx,https://www.zigwheels.com/vespa-bikes/zx-125
ducati,panigale v4,https://www.zigwheels.com/ducati-bikes/2025-panigale-v4
ducati,streetfighter v4,https://www.zigwheels.com/ducati-bikes/streetfighter-v4
ducati,monster,https://www.zigwheels.com/ducati-bikes/monster
ducati,scrambler 800,https://www.zigwheels.com/ducati-bikes/scrambler
ducati,diavel v4,https://www.zigwheels.com/ducati-bikes/diavel-v4
ducati,panigale v2,https://www.zigwheels.com/ducati-bikes/panigale-v2
ducati,supersport 950,https://www.zigwheels.com/ducati-bikes/supersport
ducati,superleggera v4,https://www.zigwheels.com/ducati-bikes/superleggera-v4
ducati,2025 monster 900,https://www.zigwheels.com/ducati-bikes/2025-monster-900
ducati,2025 multistrada v2,https://www.zigwheels.com/ducati-bikes/2025-multistrada-v2
ducati,hypermotard 698 mono,https://www.zigwheels.com/ducati-bikes/hypermotard-698
ducati,streetfighter v2,https://www.zigwheels.com/ducati-bikes/streetfighter-v2
ducati,desertx,https://www.zigwheels.com/ducati-bikes/desertx
ducati,multistrada v2,https://www.zigwheels.com/ducati-bikes/multistrada-v2
ducati,multistrada v4,https://www.zigwheels.com/ducati-bikes/multistrada-v4
ducati,hypermotard 950,https://www.zigwheels.com/ducati-bikes/hypermotard-950
kawasaki,ninja zx-10r,https://www.zigwheels.com/kawasaki-bikes/ninja-zx-10r
kawasaki,z900,https://www.zigwheels.com/kawasaki-bikes/z900
kawasaki,ninja 300,https://www.zigwheels.com/kawasaki-bikes/ninja-300
kawasaki,ninja zx-6r,https://www.zigwheels.com/kawasaki-bikes/ninja-zx-6r
kawasaki,ninja zx-4r,https://www.zigwheels.com/kawasaki-bikes/ninja-zx4r
kawasaki,ninja h2 sx,https://www.zigwheels.com/kawasaki-bikes/ninja-h2-sx
kawasaki,z400,https://www.zigwheels.com/kawasaki-bikes/z400
kawasaki,w175,https://www.zigwheels.com/kawasaki-bikes/w175
kawasaki,z650,https://www.zigwheels.com/kawasaki-bikes/2020-kawasaki-z650
kawasaki,ninja 500,https://www.zigwheels.com/kawasaki-bikes/ninja-500
kawasaki,eliminator,https://www.zigwheels.com/kawasaki-bikes/eliminator-400
kawasaki,vulcan s,https://www.zigwheels.com/kawasaki-bikes/vulcan-s
kawasaki,z500,https://www.zigwheels.com/kawasaki-bikes/z500
kawasaki,ninja 650,https://www.zigwheels.com/kawasaki-bikes/2020-ninja-650
kawasaki,klx230,https://www.zigwheels.com/kawasaki-bikes/klx-230
kawasaki,z h2,https://www.zigwheels.com/kawasaki-bikes/zh2
kawasaki,versys 650,https://www.zigwheels.com/kawasaki-bikes/versys-650
kawasaki,versys x 300,https://www.zigwheels.com/kawasaki-bikes/versys-x300
kawasaki,z650rs,https://www.zigwheels.com/kawasaki-bikes/z650rs
kawasaki,kx 250,https://www.zigwheels.com/kawasaki-bikes/kx-250f
kawasaki,klx 140r f,https://www.zigwheels.com/kawasaki-bikes/klx-140
kawasaki,klx230rs,https://www.zigwheels.com/kawasaki-bikes/klx230rs
kawasaki,z1100,https://www.zigwheels.com/kawasaki-bikes/z1100
kawasaki,z125,https://www.zigwheels.com/kawasaki-bikes/z125
kawasaki,versys 1100,https://www.zigwheels.com/kawasaki-bikes/versys-1100
kawasaki,ninja 1100sx,https://www.zigwheels.com/kawasaki-bikes/ninja-1100sx
kawasaki,klx 300r,https://www.zigwheels.com/kawasaki-bikes/klx-300r
kawasaki,kx 85,https://www.zigwheels.com/kawasaki-bikes/kx-85
kawasaki,kx112,https://www.zigwheels.com/kawasaki-bikes/kx112
kawasaki,kx65,https://www.zigwheels.com/kawasaki-bikes/kx65
kawasaki,klx 450r,https://www.zigwheels.com/kawasaki-bikes/klx-450r
kawasaki,kx 450,https://www.zigwheels.com/kawasaki-bikes/kx-450f
kawasaki,klx110r l,https://www.zigwheels.com/kawasaki-bikes/klx-110
benelli,tnt 300,https://www.zigwheels.com/benelli-bikes/tnt-302
benelli,trk 502,https://www.zigwheels.com/benelli-bikes/trk-502
benelli,302r,https://www.zigwheels.com/benelli-bikes/tornado-302
benelli,302 s,https://www.zigwheels.com/benelli-bikes/302-s
benelli,502 c,https://www.zigwheels.com/benelli-bikes/502-c
benelli,leoncino 800,https://www.zigwheels.com/benelli-bikes/leoncino-800
benelli,752 s,https://www.zigwheels.com/benelli-bikes/752-s
benelli,leoncino 500,https://www.zigwheels.com/benelli-bikes/leoncino
triumph,speed 400,https://www.zigwheels.com/triumph-bikes/speed-400
triumph,rocket 3,https://www.zigwheels.com/triumph-bikes/rocket-3
triumph,scrambler 400 x,https://www.zigwheels.com/triumph-bikes/scrambler-400x
triumph,street triple 765,https://www.zigwheels.com/triumph-bikes/street-triple
triumph,speed t4,https://www.zigwheels.com/triumph-bikes/speed-t4
triumph,thruxton 400,https://www.zigwheels.com/triumph-bikes/thruxton-400
triumph,daytona 660,https://www.zigwheels.com/triumph-bikes/daytona-660
triumph,bonneville bobber,https://www.zigwheels.com/triumph-bikes/bonneville-bobber
triumph,tiger 900,https://www.zigwheels.com/triumph-bikes/tiger-900
triumph,scrambler 400 xc,https://www.zigwheels.com/triumph-bikes/scrambler-400-xc
triumph,bonneville t120,https://www.zigwheels.com/triumph-bikes/bonneville
triumph,bonneville t100,https://www.zigwheels.com/triumph-bikes/bonneville-t100
triumph,speed triple 1200,https://www.zigwheels.com/triumph-bikes/speed-triple-1200
triumph,tiger sport 660,https://www.zigwheels.com/triumph-bikes/tiger-sport-660
triumph,scrambler t4,https://www.zigwheels.com/triumph-bikes/scrambler-400
triumph,speed 350,https://www.zigwheels.com/triumph-bikes/speed-350
triumph,bonneville 400,https://www.zigwheels.com/triumph-bikes/bonneville-400
triumph,trident 660,https://www.zigwheels.com/triumph-bikes/2025-trident-660
triumph,speed twin 900,https://www.zigwheels.com/triumph-bikes/speed-twin-900
triumph,speed twin 1200,https://www.zigwheels.com/triumph-bikes/speed-twin-1200
triumph,scrambler 1200 x,https://www.zigwheels.com/triumph-bikes/scrambler-1200-x
triumph,te-1,https://www.zigwheels.com/triumph-bikes/electric-bike
triumph,tiger 1200,https://www.zigwheels.com/triumph-bikes/tiger-1200
triumph,bonneville speedmaster,https://www.zigwheels.com/triumph-bikes/speedmaster
triumph,scrambler 900,https://www.zigwheels.com/triumph-bikes/street-scrambler
indian,scout bobber,https://www.zigwheels.com/indian-bikes/scout-bobber
indian,ftr,https://www.zigwheels.com/indian-bikes/ftr-1200
indian,roadmaster,https://www.zigwheels.com/indian-bikes/roadmaster
indian,challenger,https://www.zigwheels.com/indian-bikes/challenger
indian,scout sixty limited,https://www.zigwheels.com/indian-bikes/scout-sixty-limited
indian,super scout,https://www.zigwheels.com/indian-bikes/super-scout
indian,101 scout,https://www.zigwheels.com/indian-bikes/101-scout
indian,sport scout,https://www.zigwheels.com/indian-bikes/sport-scout
indian,scout classic,https://www.zigwheels.com/indian-bikes/scout-classic
indian,sport scout sixty,https://www.zigwheels.com/indian-bikes/sport-scout-sixty
indian,roadmaster limited,https://www.zigwheels.com/indian-bikes/roadmaster-limited
indian,roadmaster dark horse,https://www.zigwheels.com/indian-bikes/roadmaster-dark-horse
indian,pursuit dark horse,https://www.zigwheels.com/indian-bikes/pursuit-dark-horse
indian,challenger limited,https://www.zigwheels.com/indian-bikes/challenger-limited
indian,super chief dark horse,https://www.zigwheels.com/indian-bikes/super-chief-dark-horse
indian,super chief,https://www.zigwheels.com/indian-bikes/super-chief
indian,chief bobber,https://www.zigwheels.com/indian-bikes/chief-bobber
indian,springfield,https://www.zigwheels.com/indian-bikes/springfield
indian,pursuit limited,https://www.zigwheels.com/indian-bikes/pursuit
indian,super chief limited,https://www.zigwheels.com/indian-bikes/super-chief-limited
indian,chief bobber dark horse,https://www.zigwheels.com/indian-bikes/chief-bobber-dark-horse
indian,scout sixty bobber,https://www.zigwheels.com/indian-bikes/scout-bobber-sixty
indian,challenger dark horse,https://www.zigwheels.com/indian-bikes/challenger
indian,chieftain limited,https://www.zigwheels.com/indian-bikes/chieftain-limited
indian,springfield dark horse,https://www.zigwheels.com/indian-bikes/springfield-dark-horse
indian,vintage,https://www.zigwheels.com/indian-bikes/chief-vintage
indian,chief dark horse,https://www.zigwheels.com/indian-bikes/chief-dark-horse
indian,roadmaster elite,https://www.zigwheels.com/indian-bikes/roadmaster-elite
indian,roadmaster classic,https://www.zigwheels.com/indian-bikes/roadmaster-classic
indian,chieftain dark horse,https://www.zigwheels.com/indian-bikes/chieftain-dark-horse
indian,2024 springfield,https://www.zigwheels.com/indian-bikes/2024-springfield
indian,chieftain,https://www.zigwheels.com/indian-bikes/chieftain
indian,chief,https://www.zigwheels.com/indian-bikes/chief
bmw,g 310 rr,https://www.zigwheels.com/bmw-bikes/g-310-rr
bmw,s 1000 rr,https://www.zigwheels.com/bmw-bikes/2025-s-1000-rr
bmw,m 1000 rr,https://www.zigwheels.com/bmw-bikes/m-1000-rr
bmw,f 450 gs,https://www.zigwheels.com/bmw-bikes/f-450-gs
bmw,c 400 gt,https://www.zigwheels.com/bmw-bikes/c-400-gt
bmw,r 1300 gs,https://www.zigwheels.com/bmw-bikes/r-1300-gs
bmw,k 1600 gtl,https://www.zigwheels.com/bmw-bikes/1600
bmw,r 1250 rt,https://www.zigwheels.com/bmw-bikes/r-1250-rt
bmw,s 1000 r,https://www.zigwheels.com/bmw-bikes/s-1000-r
bmw,r 1300 gs adventure,https://www.zigwheels.com/bmw-bikes/r-1300-gs-adventure
bmw,m 1000 r,https://www.zigwheels.com/bmw-bikes/m-1000-r
bmw,ce 02,https://www.zigwheels.com/bmw-bikes/ce-02
bmw,f 900 gs,https://www.zigwheels.com/bmw-bikes/f-900-gs
bmw,r 12 ninet,https://www.zigwheels.com/bmw-bikes/r-12-ninet
bmw,r 12,https://www.zigwheels.com/bmw-bikes/r-12
bmw,ce 04,https://www.zigwheels.com/bmw-bikes/ce-04
bmw,m 1000 xr,https://www.zigwheels.com/bmw-bikes/bmw-m-1000-xr
bmw,k 1600 grand america,https://www.zigwheels.com/bmw-bikes/k-1600-grand-america
bmw,k 1600 bagger,https://www.zigwheels.com/bmw-bikes/k-1600-bagger
bmw,r 18 transcontinental,https://www.zigwheels.com/bmw-bikes/r-18-transcontinental
bmw,s 1000 xr,https://www.zigwheels.com/bmw-bikes/2020-s-1000-xr
bmw,f 900 xr,https://www.zigwheels.com/bmw-bikes/f-900-xr
aprilia,rs 457,https://www.zigwheels.com/aprilia-bikes/rs440
aprilia,tuono 457,https://www.zigwheels.com/aprilia-bikes/tuono-457
aprilia,sr 160,https://www.zigwheels.com/aprilia-bikes/sr-160-bs6
aprilia,sr 125,https://www.zigwheels.com/aprilia-bikes/sr-125
aprilia,rs 660,https://www.zigwheels.com/aprilia-bikes/rs-660
aprilia,rsv4,https://www.zigwheels.com/aprilia-bikes/rsv4
aprilia,sxr 160,https://www.zigwheels.com/aprilia-bikes/sxr160
aprilia,sr 175 hp.e,https://www.zigwheels.com/aprilia-bikes/sr-175
aprilia,sr 125 hp.e,https://www.zigwheels.com/aprilia-bikes/sr-125-hp-e
aprilia,tuareg 660,https://www.zigwheels.com/aprilia-bikes/tuareg-660
aprilia,sxr 125,https://www.zigwheels.com/aprilia-bikes/sxr-125
aprilia,tuono 660,https://www.zigwheels.com/aprilia-bikes/tuono-660
aprilia,sr storm,https://www.zigwheels.com/aprilia-bikes/storm-125
revolt motors,rv400,https://www.zigwheels.com/revolt-bikes/rv-400
revolt motors,rv1,https://www.zigwheels.com/revolt-bikes/rv1
revolt motors,rv blazex,https://www.zigwheels.com/revolt-bikes/rv-blazex
revolt motors,rv400 brz,https://www.zigwheels.com/revolt-bikes/rv400-brz
pure ev,epluto 7g,https://www.zigwheels.com/pure-ev-bikes/epluto-7g
pure ev,epluto 7g max,https://www.zigwheels.com/pure-ev-bikes/epluto-7g-max
pure ev,etryst 350,https://www.zigwheels.com/pure-ev-bikes/etryst-350
pure ev,ecodryft,https://www.zigwheels.com/pure-ev-bikes/ecodryft
pure ev,etrance neo,https://www.zigwheels.com/pure-ev-bikes/etranceneo
komaki,x one,https://www.zigwheels.com/komaki-bikes/xgt-x-one
komaki,ranger,https://www.zigwheels.com/komaki-bikes/ranger
komaki,xgt cat 2.0,https://www.zigwheels.com/komaki-bikes/xgt-cat-20
komaki,xgt km,https://www.zigwheels.com/komaki-bikes/xgt-km
komaki,xr1,https://www.zigwheels.com/komaki-bikes/xr1
komaki,xr7,https://www.zigwheels.com/komaki-bikes/xr7
komaki,flora,https://www.zigwheels.com/komaki-bikes/flora
komaki,se,https://www.zigwheels.com/komaki-bikes/se
komaki,xgt x5,https://www.zigwheels.com/komaki-bikes/xgt-x5
komaki,x3,https://www.zigwheels.com/komaki-bikes/x3
komaki,xgt x4,https://www.zigwheels.com/komaki-bikes/xgt-x4
komaki,cat 2.0 nxt,https://www.zigwheels.com/komaki-bikes/cat-2-nxt
komaki,dt 3000,https://www.zigwheels.com/komaki-bikes/dt-3000
komaki,ly,https://www.zigwheels.com/komaki-bikes/ly
komaki,xgt classic,https://www.zigwheels.com/komaki-bikes/xgt-classic
komaki,xgt vp,https://www.zigwheels.com/komaki-bikes/xgt-vp
komaki,venice,https://www.zigwheels.com/komaki-bikes/venice
komaki,mx3,https://www.zigwheels.com/komaki-bikes/mx3
komaki,tn-95,https://www.zigwheels.com/komaki-bikes/komaki-tn-95
komaki,x2 vouge,https://www.zigwheels.com/komaki-bikes/x2-vouge
joy e-bike,beast,https://www.zigwheels.com/joy-e-bikes/beast
joy e-bike,gen next nanu,https://www.zigwheels.com/joy-e-bikes/gen-nxt-nanu-e-scooter
joy e-bike,wolf,https://www.zigwheels.com/joy-e-bikes/wolf
joy e-bike,mihos,https://www.zigwheels.com/joy-e-bikes/mihos
joy e-bike,gen next nanu plus,https://www.zigwheels.com/joy-e-bikes/gen-nxt-nanu
joy e-bike,wolf plus,https://www.zigwheels.com/joy-e-bikes/wolfplus
joy e-bike,thunderbolt,https://www.zigwheels.com/joy-e-bikes/thunderbolt
joy e-bike,hurricane,https://www.zigwheels.com/joy-e-bikes/hurricane
joy e-bike,glob,https://www.zigwheels.com/joy-e-bikes/glob
moto guzzi,v85 tt,https://www.zigwheels.com/moto-guzzi-bikes/v85-tt
atumobile,atum version 1.0,https://www.zigwheels.com/atumobile-bikes/atum-version-10
atumobile,atumvader,https://www.zigwheels.com/atumobile-bikes/atumvader
nds eco motors,sqd,https://www.zigwheels.com/nds-eco-motors-bikes/sqd
nds eco motors,e2c,https://www.zigwheels.com/nds-eco-motors-bikes/e2c
odysse electric,evoqis,https://www.zigwheels.com/odysse-electric-bikes/evoqis
odysse electric,v2,https://www.zigwheels.com/odysse-electric-bikes/v2
odysse electric,racer neo,https://www.zigwheels.com/odysse-electric-bikes/racer-neo
odysse electric,snap,https://www.zigwheels.com/odysse-electric-bikes/snap
odysse electric,trot,https://www.zigwheels.com/odysse-electric-bikes/trot
odysse electric,vader,https://www.zigwheels.com/odysse-electric-bikes/vader
odysse electric,e2go,https://www.zigwheels.com/odysse-electric-bikes/e2go
odysse electric,hawk,https://www.zigwheels.com/odysse-electric-bikes/hawk
one electric motorcycles,kridn,https://www.zigwheels.com/one-electric-bikes/kridn
husqvarna,vitpilen 250,https://www.zigwheels.com/husqvarna-bikes/vitpilen-250
husqvarna,svartpilen 125,https://www.zigwheels.com/husqvarna-bikes/svartpilen-125
husqvarna,vitpilen 401,https://www.zigwheels.com/husqvarna-bikes/vitpilen
husqvarna,vitpilen 125,https://www.zigwheels.com/husqvarna-bikes/vitpilen-125
husqvarna,svartpilen 401,https://www.zigwheels.com/husqvarna-bikes/svartpilen
husqvarna,svartpilen 201,https://www.zigwheels.com/husqvarna-bikes/svartpilen-200
husqvarna,2025 vitpilen 250,https://www.zigwheels.com/husqvarna-bikes/2025-vitpilen-250
husqvarna,2025 svartpilen 401,https://www.zigwheels.com/husqvarna-bikes/2025-svartpilen-401
husqvarna,vektorr concept,https://www.zigwheels.com/husqvarna-bikes/vektorr-concept
tork,electric bike,https://www.zigwheels.com/tork-bikes/electric-bike
tork,electric scooter,https://www.zigwheels.com/tork-bikes/electric-scooter
tork,kratos x,https://www.zigwheels.com/tork-bikes/kratos-x
cfmoto,450mt,https://www.zigwheels.com/cfmoto-bikes/450-mt
cfmoto,300nk,https://www.zigwheels.com/cfmoto-bikes/300nk
cfmoto,650mt,https://www.zigwheels.com/cfmoto-bikes/650mt
cfmoto,450sr,https://www.zigwheels.com/cfmoto-bikes/450sr
cfmoto,450ss,https://www.zigwheels.com/cfmoto-bikes/450ss
cfmoto,650gt,https://www.zigwheels.com/cfmoto-bikes/650gt
cfmoto,650nk,https://www.zigwheels.com/cfmoto-bikes/650nk
bnc motors,challenger,https://www.zigwheels.com/boom-motors-bikes/bnc-challenger
bnc motors,perfetto,https://www.zigwheels.com/boom-motors-bikes/perfetto
zontes,350r,https://www.zigwheels.com/zontes-bikes/350r
zontes,350t,https://www.zigwheels.com/zontes-bikes/350t
zontes,u1 200,https://www.zigwheels.com/zontes-bikes/u1-200
zontes,350x,https://www.zigwheels.com/zontes-bikes/350x
zontes,s350,https://www.zigwheels.com/zontes-bikes/s350
zontes,350e,https://www.zigwheels.com/zontes-bikes/350e
zontes,gk350,https://www.zigwheels.com/zontes-bikes/gk-350
zelo,zoop,https://www.zigwheels.com/zelo-bikes/zoop
zelo,knight plus,https://www.zigwheels.com/zelo-bikes/knight-plus
zelo,knight,https://www.zigwheels.com/zelo-bikes/knight
zelo,zaeden+,https://www.zigwheels.com/zelo-bikes/zaedenplus
zelo,zaeden,https://www.zigwheels.com/zelo-bikes/zaeden
zelio,eeva,https://www.zigwheels.com/zelio-bikes/eeva
zelio,x men 2.0,https://www.zigwheels.com/zelio-bikes/x-men
zelio,gracy i,https://www.zigwheels.com/zelio-bikes/gracy-i
zelio,little gracy,https://www.zigwheels.com/zelio-bikes/little-gracy
zelio,legender,https://www.zigwheels.com/zelio-bikes/legender
zelio,eeva zx+,https://www.zigwheels.com/zelio-bikes/eeva-zxplus
zelio,gracy pro,https://www.zigwheels.com/zelio-bikes/gracy-pro
zelio,legender plus,https://www.zigwheels.com/zelio-bikes/legender-plus
zelio,eeva eco,https://www.zigwheels.com/zelio-bikes/eeva-eco
zelio,gracy+,https://www.zigwheels.com/zelio-bikes/gracyplus
zelio,logix,https://www.zigwheels.com/zelio-bikes/logix
zelio,legender plus premium,https://www.zigwheels.com/zelio-bikes/legender-plus-premium
zelio,mystery,https://www.zigwheels.com/zelio-bikes/mystery
yulu,wynn,https://www.zigwheels.com/yulu-bikes/wynn
yukie,yuvee,https://www.zigwheels.com/yukie-bikes/yuvee
yukie,shiga,https://www.zigwheels.com/yukie-bikes/shiga
yobykes,electron dx,https://www.zigwheels.com/yobykes-bikes/electron-dx
yobykes,edge dx,https://www.zigwheels.com/yobykes-bikes/edge-dx
yobykes,trust drift hx,https://www.zigwheels.com/yobykes-bikes/trust-drift-hx
yobykes,drift dx,https://www.zigwheels.com/yobykes-bikes/drift
yezdi motorcycles,2024 roadster,https://www.zigwheels.com/yezdi-bikes/cruiser
yezdi motorcycles,adventure,https://www.zigwheels.com/yezdi-bikes/2025-adventure
yezdi motorcycles,roadster,https://www.zigwheels.com/yezdi-bikes/2025-roadster
yezdi motorcycles,scrambler,https://www.zigwheels.com/yezdi-bikes/scrambler
yezdi motorcycles,2024 adventure,https://www.zigwheels.com/yezdi-bikes/adventure
yezdi motorcycles,roadking,https://www.zigwheels.com/yezdi-bikes/roadking
yezdi motorcycles,2025 scrambler,https://www.zigwheels.com/yezdi-bikes/2025-scrambler
yakuza electric,rubie,https://www.zigwheels.com/yakuza-electric-bikes/rubie
yakuza electric,sparrow,https://www.zigwheels.com/yakuza-electric-bikes/sparrow
yakuza electric,sophie,https://www.zigwheels.com/yakuza-electric-bikes/sophie
yakuza electric,sparrow pro,https://www.zigwheels.com/yakuza-electric-bikes/sparrow-pro
yakuza electric,parinda,https://www.zigwheels.com/yakuza-electric-bikes/parinda
yakuza electric,neu,https://www.zigwheels.com/yakuza-electric-bikes/neu
yakuza electric,unique,https://www.zigwheels.com/yakuza-electric-bikes/unique
yakuza electric,nebula,https://www.zigwheels.com/yakuza-electric-bikes/nebula
yakuza electric,utility pro,https://www.zigwheels.com/yakuza-electric-bikes/utility-pro
yakuza electric,viraj,https://www.zigwheels.com/yakuza-electric-bikes/viraj
yakuza electric,cyclone sway,https://www.zigwheels.com/yakuza-electric-bikes/cyclone-sway
yakuza electric,aqaba,https://www.zigwheels.com/yakuza-electric-bikes/aqaba
yakuza electric,amber,https://www.zigwheels.com/yakuza-electric-bikes/amber
wroley,posh,https://www.zigwheels.com/wroley-bikes/posh
wroley,platina,https://www.zigwheels.com/wroley-bikes/platina
wroley,mars,https://www.zigwheels.com/wroley-bikes/mars
white carbon motors,o3,https://www.zigwheels.com/white-carbon-motors-bikes/o3
white carbon motors,gt5,https://www.zigwheels.com/white-carbon-motors-bikes/gt5
warivo motors,nexa,https://www.zigwheels.com/warivo-motors-bikes/nexa
warivo motors,nova,https://www.zigwheels.com/warivo-motors-bikes/nova
warivo motors,crx,https://www.zigwheels.com/warivo-motors-bikes/crx
warivo motors,neo,https://www.zigwheels.com/warivo-motors-bikes/neo
warivo motors,edge,https://www.zigwheels.com/warivo-motors-bikes/edge
vlf,mobster 135,https://www.zigwheels.com/vlf-bikes/mobster-125
vlf,mobster 180,https://www.zigwheels.com/vlf-bikes/mobster-180
vlf,tennis 1500,https://www.zigwheels.com/vlf-bikes/tennis-1500
vida,vx2,https://www.zigwheels.com/vida-bikes/vx2
vida,v2,https://www.zigwheels.com/vida-bikes/v2
vegh,s60,https://www.zigwheels.com/vegh-bikes/s60
vegh,l25,https://www.zigwheels.com/vegh-bikes/l25
vegh,s25,https://www.zigwheels.com/vegh-bikes/s25
ultraviolette,f77,https://www.zigwheels.com/ultraviolette-bikes/f77
ultraviolette,tesseract,https://www.zigwheels.com/ultraviolette-bikes/tesseract
ultraviolette,f99,https://www.zigwheels.com/ultraviolette-bikes/f99
ultraviolette,shockwave,https://www.zigwheels.com/ultraviolette-bikes/shockwave
ultraviolette,x47 crossover,https://www.zigwheels.com/ultraviolette-bikes/concept-x
ultraviolette,f77 superstreet,https://www.zigwheels.com/ultraviolette-bikes/f77-superstreet
ujaas energy,ego la,https://www.zigwheels.com/ujaas-energy-bikes/ego
ujaas energy,espa la,https://www.zigwheels.com/ujaas-energy-bikes/espa
ujaas energy,ego li,https://www.zigwheels.com/ujaas-energy-bikes/ego-li
ujaas energy,espa li,https://www.zigwheels.com/ujaas-energy-bikes/espa-li
ujaas energy,ego t3,https://www.zigwheels.com/ujaas-energy-bikes/ego-t3
udchalo,virbike v3,https://www.zigwheels.com/udchalo-bikes/virbike-v3
udchalo,virbike v2,https://www.zigwheels.com/udchalo-bikes/virbike-v2
udchalo,virbike v1,https://www.zigwheels.com/udchalo-bikes/virbike-v1
tunwal,strom advance 2,https://www.zigwheels.com/tunwal-bikes/storm-zx-advance-2
tunwal,mini sports 63,https://www.zigwheels.com/tunwal-bikes/sport-63-48v
tunwal,mini lithino,https://www.zigwheels.com/tunwal-bikes/mini-lithino-48v
tunwal,storm zx,https://www.zigwheels.com/tunwal-bikes/strom-zx
tunwal,roma,https://www.zigwheels.com/tunwal-bikes/roma-s
tunwal,sport,https://www.zigwheels.com/tunwal-bikes/sport-63-60v
tunwal,lithino li,https://www.zigwheels.com/tunwal-bikes/lithino-li
tunwal,tz,https://www.zigwheels.com/tunwal-bikes/tz-33
tunwal,strom advance 1,https://www.zigwheels.com/tunwal-bikes/storm-zx-advance-1
toutche electric,heileo h100,https://www.zigwheels.com/toutche-electric-bikes/h100
toutche electric,heileo m100,https://www.zigwheels.com/toutche-electric-bikes/heileo-m100
toutche electric,heileo h200,https://www.zigwheels.com/toutche-electric-bikes/heileo-h200
toutche electric,heileo m200,https://www.zigwheels.com/toutche-electric-bikes/heileo-m200
thunderbolt,electra,https://www.zigwheels.com/thunderbolt-bikes/electra
sym,joymax z 300,https://www.zigwheels.com/sym-bikes/joymaxz-300
svitch bike,csr 762,https://www.zigwheels.com/svitch-bike-bikes/csr-762
svitch bike,mxe,https://www.zigwheels.com/svitch-bike-bikes/mxe
svitch bike,xe,https://www.zigwheels.com/svitch-bike-bikes/xe
svitch bike,xe+,https://www.zigwheels.com/svitch-bike-bikes/xe-plus
super eco,t1,https://www.zigwheels.com/super-eco-bikes/t1
super eco,s 2,https://www.zigwheels.com/super-eco-bikes/s-2
stella moto,buzz,https://www.zigwheels.com/stella-automobili-bikes/buzz
stella moto,sa 2000,https://www.zigwheels.com/stella-automobili-bikes/sa-2000
srivaru motors,prana 2.0,https://www.zigwheels.com/srivaru-motors-bikes/prana
sokudo,acute,https://www.zigwheels.com/sokudo-bikes/acute
sokudo,plus,https://www.zigwheels.com/sokudo-bikes/plus
sokudo,pace,https://www.zigwheels.com/sokudo-bikes/pace
sokudo,acute 2.2,https://www.zigwheels.com/sokudo-bikes/acute-22
sokudo,rapid,https://www.zigwheels.com/sokudo-bikes/rapid
sokudo,select,https://www.zigwheels.com/sokudo-bikes/select
simple energy,one,https://www.zigwheels.com/simple-energy-bikes/simple-one
simple energy,ones,https://www.zigwheels.com/simple-energy-bikes/one-s
shema e-vehicle,eagle,https://www.zigwheels.com/shema-e-vehicle-bikes/eagle
shema e-vehicle,hobby,https://www.zigwheels.com/shema-e-vehicle-bikes/hobby
shema e-vehicle,bold,https://www.zigwheels.com/shema-e-vehicle-bikes/bold
shema e-vehicle,tuff,https://www.zigwheels.com/shema-e-vehicle-bikes/tuff
seeka,sx150e,https://www.zigwheels.com/seeka-bikes/sx150e
seeka,sflash250,https://www.zigwheels.com/seeka-bikes/sflash250
seeka,vatsal250,https://www.zigwheels.com/seeka-bikes/vatsal250
seeka,smak,https://www.zigwheels.com/seeka-bikes/smak
seeka,sseagun,https://www.zigwheels.com/seeka-bikes/sseagun
seeka,sbolt,https://www.zigwheels.com/seeka-bikes/sbolt
runr,hs electric,https://www.zigwheels.com/runr-bikes/runr
rugged,g1,https://www.zigwheels.com/rugged-bikes/g1
rowwet,zepop,https://www.zigwheels.com/rowwet-bikes/zepop
rowwet,trono,https://www.zigwheels.com/rowwet-bikes/trono
rowwet,vegatron,https://www.zigwheels.com/rowwet-bikes/vegatron
rowwet,eleq,https://www.zigwheels.com/rowwet-bikes/eleq
rowwet,rame,https://www.zigwheels.com/rowwet-bikes/rame
river,indie,https://www.zigwheels.com/river-bikes/indie
revamp moto,rm buddie 25,https://www.zigwheels.com/revamp-moto-bikes/rm-buddie-25
revamp moto,rm mitra,https://www.zigwheels.com/revamp-moto-bikes/rm-mitra-02
rbseva,rider,https://www.zigwheels.com/rbseva-bikes/rider
rbseva,legend,https://www.zigwheels.com/rbseva-bikes/legend
raptee motors,t 30,https://www.zigwheels.com/raptee-motors-bikes/t-30
raftaar,galaxy,https://www.zigwheels.com/raftaar-bikes/galaxy
raftaar,bumblebee,https://www.zigwheels.com/raftaar-bikes/bumblebee
raftaar,cruzer r1,https://www.zigwheels.com/raftaar-bikes/cruiser
raftaar,electrica,https://www.zigwheels.com/raftaar-bikes/electrica
quantum energy,bziness,https://www.zigwheels.com/quantum-energy-bikes/bziness
quantum energy,plasma,https://www.zigwheels.com/quantum-energy-bikes/plasma
quantum energy,milan,https://www.zigwheels.com/quantum-energy-bikes/milan
qj motor,srk 400,https://www.zigwheels.com/qj-motor-bikes/srk-400
qj motor,src 250,https://www.zigwheels.com/qj-motor-bikes/src-250
qj motor,srv 300,https://www.zigwheels.com/qj-motor-bikes/srv-300
qj motor,src 500,https://www.zigwheels.com/qj-motor-bikes/src-500
power ev,p-sport,https://www.zigwheels.com/power-ev-bikes/p-sport
polarity smart,executive,https://www.zigwheels.com/polarity-smart-bikes/executive
polarity smart,sport,https://www.zigwheels.com/polarity-smart-bikes/sport
peugeot motocycles,django 125,https://www.zigwheels.com/peugeot-bikes/django-125
ozotec,bheem,https://www.zigwheels.com/ozotec-bikes/bheem
ozotec,flio,https://www.zigwheels.com/ozotec-bikes/flio
orxa energies,mantis,https://www.zigwheels.com/orxa-energies-bikes/mantis
opg mobility,faast f4,https://www.zigwheels.com/opg-mobility-bikes/opg-faast-f4
opg mobility,faast f3,https://www.zigwheels.com/opg-mobility-bikes/opg-faast-f3
opg mobility,faast f2t,https://www.zigwheels.com/opg-mobility-bikes/faast-f2t
opg mobility,faast f2b,https://www.zigwheels.com/opg-mobility-bikes/opg-faast-f2b
opg mobility,faast f2f,https://www.zigwheels.com/opg-mobility-bikes/faast-f2f
opg mobility,motofaast,https://www.zigwheels.com/opg-mobility-bikes/motofaast
opg mobility,freedum,https://www.zigwheels.com/opg-mobility-bikes/freedum
opg mobility,ferrato disruptor,https://www.zigwheels.com/opg-mobility-bikes/ferrato-disruptor
opg mobility,defy 22,https://www.zigwheels.com/opg-mobility-bikes/defy-22
one moto,byka,https://www.zigwheels.com/one-moto-bikes/byka
one moto,commuta,https://www.zigwheels.com/one-moto-bikes/commuta
one moto,electa,https://www.zigwheels.com/one-moto-bikes/electa
omega seiki mobility,mopido,https://www.zigwheels.com/omega-seiki-mobility-bikes/mopido
ola electric,s1 pro,https://www.zigwheels.com/ola-electric-bikes/2025-s1-pro
ola electric,s1 x,https://www.zigwheels.com/ola-electric-bikes/2025-s1x
ola electric,roadster,https://www.zigwheels.com/ola-electric-bikes/ola-roadster
ola electric,s1 air,https://www.zigwheels.com/ola-electric-bikes/s1-air
ola electric,s1 z,https://www.zigwheels.com/ola-electric-bikes/s1-z
ola electric,gig,https://www.zigwheels.com/ola-electric-bikes/gig
ola electric,s1 x plus,https://www.zigwheels.com/ola-electric-bikes/s1-x-plus
ola electric,roadster x,https://www.zigwheels.com/ola-electric-bikes/roadster-x
ola electric,roadster pro,https://www.zigwheels.com/ola-electric-bikes/roadster-pro
ola electric,roadster x+,https://www.zigwheels.com/ola-electric-bikes/roadster-xplus
ola electric,s1 pro plus,https://www.zigwheels.com/ola-electric-bikes/s1-pro-plus
ola electric,s1 pro sport,https://www.zigwheels.com/ola-electric-bikes/s1-pro-sport
ola electric,diamondhead,https://www.zigwheels.com/ola-electric-bikes/ola-diamondhead
ola electric,cruiser,https://www.zigwheels.com/ola-electric-bikes/ola-cruiser
ola electric,adventure,https://www.zigwheels.com/ola-electric-bikes/ola-adventure
okinawa,praisepro,https://www.zigwheels.com/okinawa-bikes/praisepro
okinawa,dual 100,https://www.zigwheels.com/okinawa-bikes/dual
okinawa,okhi90,https://www.zigwheels.com/okinawa-bikes/oki90
okinawa,r30,https://www.zigwheels.com/okinawa-bikes/r30-electric-scooter
okinawa,cruiser,https://www.zigwheels.com/okinawa-bikes/cruiser
okinawa,ipraise+,https://www.zigwheels.com/okinawa-bikes/i-praise
okinawa,lite,https://www.zigwheels.com/okinawa-bikes/lite
okinawa,ridge,https://www.zigwheels.com/okinawa-bikes/ridge
okaya,ferrato disruptor,https://www.zigwheels.com/okaya-bikes/ferrato-disruptor
okaya,faast,https://www.zigwheels.com/okaya-bikes/faast
okaya,freedum,https://www.zigwheels.com/okaya-bikes/freedum
okaya,motofaast,https://www.zigwheels.com/okaya-bikes/motofaast
okaya,faast f2f,https://www.zigwheels.com/okaya-bikes/faast-f2f
okaya,faast f2t,https://www.zigwheels.com/okaya-bikes/faast-f2t
okaya,faast f2b,https://www.zigwheels.com/okaya-bikes/faast-f2b
oben,rorr,https://www.zigwheels.com/oben-bikes/electric-bike
oben,rorr ez,https://www.zigwheels.com/oben-bikes/rorr-ez
oben,rorr ez sigma,https://www.zigwheels.com/oben-bikes/rorr-ez-sigma
oben,o100,https://www.zigwheels.com/oben-bikes/o100
numeros motors,diplos max plus,https://www.zigwheels.com/numeros-motors-bikes/diplos-max-plus
numeros motors,diplos max,https://www.zigwheels.com/numeros-motors-bikes/diplos-max
numeros motors,diplos pro,https://www.zigwheels.com/numeros-motors-bikes/diplos-pro
norton,v4,https://www.zigwheels.com/norton-bikes/v4
norton,650,https://www.zigwheels.com/norton-bikes/650
norton,450,https://www.zigwheels.com/norton-bikes/450
norton,commando 961 cafe racer,https://www.zigwheels.com/norton-bikes/commando-961-cafe-racer
norton,commando 961 sport,https://www.zigwheels.com/norton-bikes/commando-961
nij automotive,accelero r14,https://www.zigwheels.com/nij-automotive-bikes/accelero
nij automotive,accelero x-pro,https://www.zigwheels.com/nij-automotive-bikes/accelero-x-pro
nij automotive,accelero plus,https://www.zigwheels.com/nij-automotive-bikes/accelero-plus
nexzu,roadlark,https://www.zigwheels.com/avan-motors-bikes/roadlark
nexzu,bazinga,https://www.zigwheels.com/avan-motors-bikes/bazinga
nexzu,rompus plus,https://www.zigwheels.com/avan-motors-bikes/rompus-plus
mx moto,m16,https://www.zigwheels.com/mx-moto-bikes/m16
mx moto,mg pro,https://www.zigwheels.com/mx-moto-bikes/mg-pro
mx moto,mx9,https://www.zigwheels.com/mx-moto-bikes/mx9
mx moto,mxv,https://www.zigwheels.com/mx-moto-bikes/mxv
mv agusta,rush 1000,https://www.zigwheels.com/mv-agusta-bikes/rush-1000
motovolt,urbn e-bike,https://www.zigwheels.com/motovolt-bikes/urbn-e-bike
motovolt,m7,https://www.zigwheels.com/motovolt-bikes/m7
motovolt,mvs7,https://www.zigwheels.com/motovolt-bikes/mvs7
motovolt,kivo 24,https://www.zigwheels.com/motovolt-bikes/kivo-24
motovolt,kivo easy,https://www.zigwheels.com/motovolt-bikes/kivo-easy
motovolt,kivo,https://www.zigwheels.com/motovolt-bikes/kivo
motovolt,hum,https://www.zigwheels.com/motovolt-bikes/hum
moto morini,x-cape,https://www.zigwheels.com/moto-morini-bikes/x-cape
moto morini,seiemmezzo 6 ,https://www.zigwheels.com/moto-morini-bikes/seiemmezzo-6
mbp,c1002v,https://www.zigwheels.com/mbp-bikes/c1002v
mbp,m502n,https://www.zigwheels.com/mbp-bikes/m502n
matter ev,aera,https://www.zigwheels.com/matter-ev-bikes/electric-bike
maruthisan,racer,https://www.zigwheels.com/maruthisan-bikes/racer
maruthisan,beat,https://www.zigwheels.com/maruthisan-bikes/beat
maruthisan,dream+,https://www.zigwheels.com/maruthisan-bikes/dreamplus
maruthisan,ms 3.0,https://www.zigwheels.com/maruthisan-bikes/ms-30
lohia,oma star,https://www.zigwheels.com/lohia-bikes/oma-star-li
lml,star,https://www.zigwheels.com/lml-bikes/star
lml,moonshot,https://www.zigwheels.com/lml-bikes/hyperbike
liger,x,https://www.zigwheels.com/liger-bikes/electric-scooter
li-ions elektrik solutions,spock electric scooter,https://www.zigwheels.com/li~ions-elektrik-solutions-bikes/spock-electric-scooter
lectrix ev,nduro,https://www.zigwheels.com/lectrix-ev-bikes/nduro
lectrix ev,zyro,https://www.zigwheels.com/lectrix-ev-bikes/zyro
lectrix ev,lxs 3.0,https://www.zigwheels.com/lectrix-ev-bikes/lxs-3
lectrix ev,lxs 2.0,https://www.zigwheels.com/lectrix-ev-bikes/lxs-20
lectrix ev,sx25,https://www.zigwheels.com/lectrix-ev-bikes/sx25
lectrix ev,lxs,https://www.zigwheels.com/lectrix-ev-bikes/lxs
lambretta,v125,https://www.zigwheels.com/lambretta-bikes/v125
kyte energy,magnum,https://www.zigwheels.com/kyte-energy-bikes/magnum-pro
kyte energy,stella r,https://www.zigwheels.com/kyte-energy-bikes/stella-r
kyte energy,x1,https://www.zigwheels.com/kyte-energy-bikes/x1
kinetic green,e luna,https://www.zigwheels.com/kinetic-green-bikes/e-luna
kinetic green,zing,https://www.zigwheels.com/kinetic-green-bikes/zing
kinetic green,zoom,https://www.zigwheels.com/kinetic-green-bikes/zoom
kinetic green,e luna prime,https://www.zigwheels.com/kinetic-green-bikes/e-luna-prime
kinetic green,electric scooter,https://www.zigwheels.com/kinetic-green-bikes/kinetic-green-electric-scooter
kinetic green,zulu,https://www.zigwheels.com/kinetic-green-bikes/zulu
kinetic green,flex,https://www.zigwheels.com/kinetic-green-bikes/flex
kinetic,dx ev,https://www.zigwheels.com/kinetic-bikes/dx
kick ev,stallion,https://www.zigwheels.com/kick-ev-bikes/stallion
keeway,sr125,https://www.zigwheels.com/keeway-bikes/sr125
keeway,lfc 700,https://www.zigwheels.com/keeway-bikes/lfc-700
keeway,v302c,https://www.zigwheels.com/keeway-bikes/v302c
keeway,darkflag,https://www.zigwheels.com/keeway-bikes/darkflag
keeway,sr 250,https://www.zigwheels.com/keeway-bikes/sr-250
keeway,rr 300,https://www.zigwheels.com/keeway-bikes/rr-300
keeway,k-light 250v,https://www.zigwheels.com/keeway-bikes/k-light-250v
keeway,k300 sf,https://www.zigwheels.com/keeway-bikes/k300-sf
keeway,vieste 300 ,https://www.zigwheels.com/keeway-bikes/vieste-300
keeway,sixties 300i,https://www.zigwheels.com/keeway-bikes/sixties-300i
keeway,lfs 700,https://www.zigwheels.com/keeway-bikes/lfs700
kabira mobility,km3000 mark 2,https://www.zigwheels.com/kabira-mobility-bikes/km-3000
kabira mobility,km4000 mark 2,https://www.zigwheels.com/kabira-mobility-bikes/km-4000
kabira mobility,km5000,https://www.zigwheels.com/kabira-mobility-bikes/km-5000
kabira mobility,hermes 75,https://www.zigwheels.com/kabira-mobility-bikes/hermes-75
jitendra ev,yunik,https://www.zigwheels.com/jitendra-ev-bikes/yunik
jitendra ev,primo,https://www.zigwheels.com/jitendra-ev-bikes/primo
jitendra ev,jmt 1000,https://www.zigwheels.com/jitendra-ev-bikes/jmt-1000
jhev,delta r3,https://www.zigwheels.com/jhev-bikes/delta-r3
jhev,alfa r5,https://www.zigwheels.com/jhev-bikes/alfa-r5
jhev,alfa r3,https://www.zigwheels.com/jhev-bikes/alfa-r3
jhev,alfa r1,https://www.zigwheels.com/jhev-bikes/alfa-r1
jhev,alfa k1,https://www.zigwheels.com/jhev-bikes/alfa-k1
jhev,delta e5,https://www.zigwheels.com/jhev-bikes/delta-e5
jhev,delta v6,https://www.zigwheels.com/jhev-bikes/delta-v6
ivoomi,jeet x,https://www.zigwheels.com/ivoomi-bikes/jeet
ivoomi,s1,https://www.zigwheels.com/ivoomi-bikes/s1
iscoot,scoot 1,https://www.zigwheels.com/iscoot-bikes/1
igowise mobility,beigo x4,https://www.zigwheels.com/igowise-mobility-bikes/beigo-x4
hornback,m1,https://www.zigwheels.com/hornback-bikes/m1
hornback,x1,https://www.zigwheels.com/hornback-bikes/x1
hop electric,leo,https://www.zigwheels.com/hop-electric-bikes/leo
hop electric,oxo,https://www.zigwheels.com/hop-electric-bikes/oxo-100
hero lectro,y3,https://www.zigwheels.com/hero-lectro-bikes/y3
hero lectro,h7,https://www.zigwheels.com/hero-lectro-bikes/h7
hero lectro,h4,https://www.zigwheels.com/hero-lectro-bikes/h4
hero lectro,v24,https://www.zigwheels.com/hero-lectro-bikes/v24
hero lectro,muv-e,https://www.zigwheels.com/hero-lectro-bikes/muv-e
hero lectro,h5,https://www.zigwheels.com/hero-lectro-bikes/h5
hero lectro,h3,https://www.zigwheels.com/hero-lectro-bikes/h3
hero lectro,c5x,https://www.zigwheels.com/hero-lectro-bikes/c5x
hero lectro,winn-x,https://www.zigwheels.com/hero-lectro-bikes/winn-x
hero lectro,winn,https://www.zigwheels.com/hero-lectro-bikes/winn
herald,royal,https://www.zigwheels.com/herald-bikes/royal
herald,rider,https://www.zigwheels.com/herald-bikes/rider
herald,legend,https://www.zigwheels.com/herald-bikes/legend
hcd india,nps cargo,https://www.zigwheels.com/hcd-india-bikes/nps-cargo
hayasa,nirbhar,https://www.zigwheels.com/hayasa-bikes/nirbhar
hayasa,daksha,https://www.zigwheels.com/hayasa-bikes/daksha
hayasa,ira,https://www.zigwheels.com/hayasa-bikes/ira
hayasa,ojas,https://www.zigwheels.com/hayasa-bikes/ojas
gt force,texa,https://www.zigwheels.com/gt-force-bikes/texa
gt force,ryd plus,https://www.zigwheels.com/gt-force-bikes/ryd-plus
gt force,vegas,https://www.zigwheels.com/gt-force-bikes/vegas
gt force,one plus pro,https://www.zigwheels.com/gt-force-bikes/one-plus-pro
gt force,drive pro,https://www.zigwheels.com/gt-force-bikes/drive-pro
greta electric,harper zx series-i,https://www.zigwheels.com/greta-electric-bikes/harper-zx-series-i
gravton,quanta,https://www.zigwheels.com/gravton-bikes/quanta
gogoro,2 series,https://www.zigwheels.com/gogoro-bikes/s1-electric-scooter
gogoro,crossover,https://www.zigwheels.com/gogoro-bikes/crossover
gogoro,supersport,https://www.zigwheels.com/gogoro-bikes/supersport
gobike,kn1 plus,https://www.zigwheels.com/birla-e-bikes/kn1-plus
gobike,a 1-4,https://www.zigwheels.com/birla-e-bikes/a-1-4
gobike,dmg,https://www.zigwheels.com/birla-e-bikes/dmg
gobike,dms,https://www.zigwheels.com/birla-e-bikes/dms
gobike,jf,https://www.zigwheels.com/birla-e-bikes/jf
gobike,v6,https://www.zigwheels.com/birla-e-bikes/v6
gobike,xl,https://www.zigwheels.com/birla-e-bikes/xl
gobike,e-smart,https://www.zigwheels.com/birla-e-bikes/e-smart
gobike,electro,https://www.zigwheels.com/birla-e-bikes/electro
gobike,quanto,https://www.zigwheels.com/birla-e-bikes/quanto
gobike,spark,https://www.zigwheels.com/birla-e-bikes/spark
gobike,ambition,https://www.zigwheels.com/birla-e-bikes/ambition
gemopai,ryder supermax,https://www.zigwheels.com/gemopai-bikes/ryder-supermax
gemopai,astrid lite,https://www.zigwheels.com/gemopai-bikes/astrid-lite
gemopai,ryder,https://www.zigwheels.com/gemopai-bikes/ryder
geliose,hope,https://www.zigwheels.com/geliose-bikes/hope
gaura electric,g6,https://www.zigwheels.com/gaura-electric-bikes/g6
gaura electric,g5,https://www.zigwheels.com/gaura-electric-bikes/g5
gaura electric,partner 5g,https://www.zigwheels.com/gaura-electric-bikes/partner-5g
gaura electric,warrior 5g,https://www.zigwheels.com/gaura-electric-bikes/warrior-5g
gaura electric,sniper 5g,https://www.zigwheels.com/gaura-electric-bikes/sniper-5g
fujiyama,spectra,https://www.zigwheels.com/fujiyama-bikes/spectra
fujiyama,spectra pro,https://www.zigwheels.com/fujiyama-bikes/spectra-pro
fujiyama,ozone,https://www.zigwheels.com/fujiyama-bikes/ozone
flycon motors,empire +,https://www.zigwheels.com/flycon-motors-bikes/empire-plus
flycon motors,bright,https://www.zigwheels.com/flycon-motors-bikes/bright
flycon motors,grove,https://www.zigwheels.com/flycon-motors-bikes/grove
flycon motors,empire,https://www.zigwheels.com/flycon-motors-bikes/empire
flycon motors,t3,https://www.zigwheels.com/flycon-motors-bikes/t3
firefox,urban eco,https://www.zigwheels.com/firefox-bikes/urban-eco
firefox,adventron,https://www.zigwheels.com/firefox-bikes/adventron
fidato evtech,easy go,https://www.zigwheels.com/fidato-evtech-bikes/easy-go
fidato evtech,loder,https://www.zigwheels.com/fidato-evtech-bikes/loder
fidato evtech,easygo plus,https://www.zigwheels.com/fidato-evtech-bikes/easygo-plus
fidato evtech,future 2020,https://www.zigwheels.com/fidato-evtech-bikes/future-2020
fidato evtech,cutie,https://www.zigwheels.com/fidato-evtech-bikes/cutie
evolet,dhanno,https://www.zigwheels.com/evolet-bikes/dhanno
evolet,derby,https://www.zigwheels.com/evolet-bikes/derby
evolet,pony,https://www.zigwheels.com/evolet-bikes/polo-pony
evoke motorcycles,urban classic,https://www.zigwheels.com/evoke-bikes/urban-classic
evoke motorcycles,urban s,https://www.zigwheels.com/evoke-bikes/urban-s
eveium,czar,https://www.zigwheels.com/eveium-bikes/czar
eveium,comet,https://www.zigwheels.com/eveium-bikes/comet
eveium,cosmo,https://www.zigwheels.com/eveium-bikes/cosmo
essel energy,get a,https://www.zigwheels.com/essel-energy-bikes/get-a
essel energy,get max,https://www.zigwheels.com/essel-energy-bikes/get-max
essel energy,get 1+,https://www.zigwheels.com/essel-energy-bikes/get-1plus
essel energy,essel energy wind,https://www.zigwheels.com/essel-energy-bikes/essel-energy-wind
essel energy,get 5,https://www.zigwheels.com/essel-energy-bikes/get-5
essel energy,get 1,https://www.zigwheels.com/essel-energy-bikes/get-1
enigma,ambier n8,https://www.zigwheels.com/enigma-bikes/ambier-n8
enigma,gt 450 pro,https://www.zigwheels.com/enigma-bikes/gt-450-pro
enigma,crink v1,https://www.zigwheels.com/enigma-bikes/crink-plus
enigma,crink pro,https://www.zigwheels.com/enigma-bikes/crink-pro
energy automobile,evone,https://www.zigwheels.com/energy-automobile-bikes/evone
emotorad,doodle,https://www.zigwheels.com/emotorad-bikes/doodle
emotorad,ranger,https://www.zigwheels.com/emotorad-bikes/ranger
emotorad,neo,https://www.zigwheels.com/emotorad-bikes/neo
emotorad,st-x,https://www.zigwheels.com/emotorad-bikes/st-x
emotorad,t-rex pro,https://www.zigwheels.com/emotorad-bikes/t-rex-pro
emotorad,t-rex+ v3,https://www.zigwheels.com/emotorad-bikes/t-rexplus-v3
emotorad,legend-07,https://www.zigwheels.com/emotorad-bikes/legend-07
emotorad,x3,https://www.zigwheels.com/emotorad-bikes/x3
emotorad,x2,https://www.zigwheels.com/emotorad-bikes/x2
emotorad,x1,https://www.zigwheels.com/emotorad-bikes/x1
emotorad,emx,https://www.zigwheels.com/emotorad-bikes/emx
emotorad,t-rex air,https://www.zigwheels.com/emotorad-bikes/t-rex
emote electric,surge,https://www.zigwheels.com/emote-electric-bikes/surge
elecson,zx,https://www.zigwheels.com/elecson-bikes/zx
elecson,ultra pro,https://www.zigwheels.com/elecson-bikes/ultra-pro
elecson,alpha,https://www.zigwheels.com/elecson-bikes/alpha
elecson,ladybird,https://www.zigwheels.com/elecson-bikes/ladybird
elecson,eco,https://www.zigwheels.com/elecson-bikes/eco
elecson,folding,https://www.zigwheels.com/elecson-bikes/folding
elecson,fat tyre,https://www.zigwheels.com/elecson-bikes/fat-tyre
eeve,soul,https://www.zigwheels.com/eeve-bikes/soul
eeve,atreo,https://www.zigwheels.com/eeve-bikes/atreo
eeve,ahava,https://www.zigwheels.com/eeve-bikes/ahava
eeve,forseti,https://www.zigwheels.com/eeve-bikes/forseti
eeve,tesoro,https://www.zigwheels.com/eeve-bikes/tesoro
eeve,wind,https://www.zigwheels.com/eeve-bikes/wind
eeve,xeniaa,https://www.zigwheels.com/eeve-bikes/xeniaa
eblu,feo,https://www.zigwheels.com/eblu-bikes/feo
eblu,feo z,https://www.zigwheels.com/eblu-bikes/feo-z
eblu,thrill,https://www.zigwheels.com/eblu-bikes/thrill
eblu,spin,https://www.zigwheels.com/eblu-bikes/spin
e-went,rabbitor,https://www.zigwheels.com/e-went-bikes/rabbitor
e-went,marium,https://www.zigwheels.com/e-went-bikes/marium
e-sprinto,ls,https://www.zigwheels.com/e-sprinto-bikes/e-sprinto
e-sprinto,roamy,https://www.zigwheels.com/e-sprinto-bikes/roamy
e-sprinto,rapo,https://www.zigwheels.com/e-sprinto-bikes/rapo
e-sprinto,sprinto hs,https://www.zigwheels.com/e-sprinto-bikes/sprinto
detel ev,veeru,https://www.zigwheels.com/detel-ev-bikes/veeru
deltic,drixx,https://www.zigwheels.com/deltic-bikes/drixx
deltic,legion,https://www.zigwheels.com/deltic-bikes/legion
deltic,trento,https://www.zigwheels.com/deltic-bikes/trento
deltic,zgs,https://www.zigwheels.com/deltic-bikes/zgs
delevery,u1 electric,https://www.zigwheels.com/delevery-bikes/u1-electric
dao,model 703,https://www.zigwheels.com/dao-bikes/model-703
dao,zor 405,https://www.zigwheels.com/dao-bikes/zor-405
dao,vidyut 108,https://www.zigwheels.com/dao-bikes/vidyut-108
cyborg,armour,https://www.zigwheels.com/cyborg-bikes/yoda
cyborg,avant,https://www.zigwheels.com/cyborg-bikes/bob-e
crayon motors,envy,https://www.zigwheels.com/crayon-motors-bikes/envy
crayon motors,zeez,https://www.zigwheels.com/crayon-motors-bikes/zeez
corrit electric,transit,https://www.zigwheels.com/corrit-electric-bikes/transit
bsa,gold star,https://www.zigwheels.com/bsa-bikes/gold-star
bsa,bantam 350,https://www.zigwheels.com/bsa-bikes/bantam-350
bsa,scrambler,https://www.zigwheels.com/bsa-bikes/b65-scrambler
bsa,electric bike,https://www.zigwheels.com/bsa-bikes/electric-bikee
brixton motorcycles,cromwell 1200,https://www.zigwheels.com/brixton-motorcycles-bikes/cromwell-1200
brixton motorcycles,crossfire 500,https://www.zigwheels.com/brixton-motorcycles-bikes/crossfire-500
brixton motorcycles,crossfire 500 storr,https://www.zigwheels.com/brixton-motorcycles-bikes/crossfire-500-storr
bounce,infinity e.1,https://www.zigwheels.com/bounce-bikes/e-scooter
battre electric mobility,loev,https://www.zigwheels.com/battre-electric-mobility-bikes/loev
battre electric mobility,storie,https://www.zigwheels.com/battre-electric-mobility-bikes/storie
battre electric mobility,loev+,https://www.zigwheels.com/battre-electric-mobility-bikes/loevplus
battre electric mobility,one,https://www.zigwheels.com/battre-electric-mobility-bikes/one
avon,e scoot 504,https://www.zigwheels.com/avon-bikes/e-scoot
avon,e-star dx,https://www.zigwheels.com/avon-bikes/e-star-dx
avon,e-trust 900,https://www.zigwheels.com/avon-bikes/e-trust-900
avon,e-zap dx,https://www.zigwheels.com/avon-bikes/e-zap-dx
avon,e mate 306,https://www.zigwheels.com/avon-bikes/e-mate
avera,retrosa,https://www.zigwheels.com/avera-bikes/retrosa
ather energy,450x,https://www.zigwheels.com/ather-energy-bikes/450x
ather energy,rizta,https://www.zigwheels.com/ather-energy-bikes/rizta
ather energy,450s,https://www.zigwheels.com/ather-energy-bikes/450s
ather energy,450 apex,https://www.zigwheels.com/ather-energy-bikes/450-apex
ather energy,el01,https://www.zigwheels.com/ather-energy-bikes/el01
ather energy,redux concept,https://www.zigwheels.com/ather-energy-bikes/redux-concept
ather energy,electric bike,https://www.zigwheels.com/ather-energy-bikes/electric-bike
ampere,nexus,https://www.zigwheels.com/ampere-bikes/nexus
ampere,magnus neo,https://www.zigwheels.com/ampere-bikes/magnus-neo
ampere,xyber,https://www.zigwheels.com/ampere-bikes/xyber
ampere,magnus grand,https://www.zigwheels.com/ampere-bikes/magnus-grand
ampere,xpress,https://www.zigwheels.com/ampere-bikes/xpress
ampere,reo,https://www.zigwheels.com/ampere-bikes/reo
amo electric,jaunty-3w,https://www.zigwheels.com/amomobility-bikes/jaunty-3w
amo electric,jaunty,https://www.zigwheels.com/amomobility-bikes/jaunty
amo electric,brisk,https://www.zigwheels.com/amomobility-bikes/brisk
amo electric,jaunty l,https://www.zigwheels.com/amomobility-bikes/jaunty-l
amo electric,jaunty s,https://www.zigwheels.com/amomobility-bikes/jaunty-s
amo electric,jaunty i-pro,https://www.zigwheels.com/amomobility-bikes/jaunty-i-pro
amo electric,jaunty pro,https://www.zigwheels.com/amomobility-bikes/jaunty-pro
amo electric,jaunty plus,https://www.zigwheels.com/amomobility-bikes/jaunty-plus
amo electric,inspirer,https://www.zigwheels.com/amomobility-bikes/inspirer
amo electric,feisty ev,https://www.zigwheels.com/amomobility-bikes/feisty
aftek motors,eone,https://www.zigwheels.com/aftek-motors-bikes/eone
aftek motors,etwo,https://www.zigwheels.com/aftek-motors-bikes/etwo
aftek motors,elmo,https://www.zigwheels.com/aftek-motors-bikes/elmo
aeroride,e-spark,https://www.zigwheels.com/aeroride-bikes/e-spark
aeroride,yb2000,https://www.zigwheels.com/aeroride-bikes/yb2000
adms,eva,https://www.zigwheels.com/adms-bikes/eva
adms,gtr,https://www.zigwheels.com/adms-bikes/gtr
adms,mantra,https://www.zigwheels.com/adms-bikes/mantra
adms,phantom,https://www.zigwheels.com/adms-bikes/phantom
adms,alpha,https://www.zigwheels.com/adms-bikes/alpha
adms,db,https://www.zigwheels.com/adms-bikes/db
adms,ttx,https://www.zigwheels.com/adms-bikes/ttx
adms,marvel,https://www.zigwheels.com/adms-bikes/maevel
abzo,vs01,https://www.zigwheels.com/abzo-bikes/vs01
abzo,sigilo,https://www.zigwheels.com/abzo-bikes/sigilo
